year,CO2_price,location,total_cost,EU_TS_penalty,FuelEU_penalty,amount_VLSFO,amount_MDO,amount_BIO-DIESEL,amount_LNG,amount_E-METHANOL
2025,90,Intra,7023742.997,2090155.61,395081.29,5743.90243902439,1500.0,,,
2025,90,Inter,3423269.552,522187.02,98115.02,2819.512195121951,800.0,,,
2025,90,Berth,831500.0,288540.0,57130.67,,,,,
2025,90,Intra,2363524.326,668706.49,0.0,1117.5521136776622,1200.0,53.75756956699729,,
2025,90,Inter,1181762.163,167176.62,0.0,558.7760645569498,600.0,26.878778190938736,,
2025,90,Berth,582050.0,201978.0,24484.57,,,,,
2025,90,Intra,1198547.134,301918.38,15561.19,,1000.0,,54.054054054054056,
2025,90,Inter,827540.27,100564.05,0.0,,500.0,,229.72972972972974,
2025,90,Berth,498900.0,173124.0,13874.59,,,,,
2025,90,Intra,940908.422,173124.0,0.0,,600.0,,,211.05527638190955
2025,90,Inter,470454.211,43281.0,0.0,,300.0,,,105.52763819095478
2025,90,Berth,291025.0,100989.0,5713.07,,,,,
2025,110,Intra,7488222.021,2554634.63,395081.29,5743.90243902439,1500.0,,,
2025,110,Inter,3655352.674,638228.59,98115.02,2819.512195121951,800.0,,,
2025,110,Berth,831500.0,352660.0,57130.67,,,,,
2025,110,Intra,2483775.333,423192.0,0.0,0.0,1200.0,1008.3333333333334,,
2025,110,Inter,1241887.667,105798.0,0.0,5.921836462930958e-11,600.0,504.16666666661604,,
2025,110,Berth,582050.0,246862.0,24484.57,,,,,
2025,110,Intra,1265640.107,369011.35,15561.19,,1000.0,,54.054054054054056,
2025,110,Inter,872235.405,122911.62,0.0,,500.0,,229.72972972972974,
2025,110,Berth,498900.0,211596.0,13874.59,,,,,
2025,110,Intra,979380.422,211596.0,0.0,,600.0,,,211.05527638190955
2025,110,Inter,489690.211,52899.0,0.0,,300.0,,,105.52763819095478
2025,110,Berth,291025.0,123431.0,5713.07,,,,,
2025,130,Intra,7952701.046,3019113.66,395081.29,5743.90243902439,1500.0,,,
2025,130,Inter,3887435.796,754270.15,98115.02,2819.512195121951,800.0,,,
2025,130,Berth,831500.0,416780.0,57130.67,,,,,
2025,130,Intra,2560719.333,500136.0,0.0,2.4877576265680545e-07,1200.0,1008.3333331208373,,
2025,130,Inter,1280359.667,125034.0,0.0,0.0,600.0,504.1666666666667,,
2025,130,Berth,582050.0,291746.0,24484.57,,,,,
2025,130,Intra,1332733.08,436104.32,15561.19,,1000.0,,54.054054054054056,
2025,130,Inter,916930.541,145259.19,0.0,,500.0,,229.72972972972974,
2025,130,Berth,498900.0,250068.0,13874.59,,,,,
2025,130,Intra,1017852.422,250068.0,0.0,,600.0,,,211.05527638190955
2025,130,Inter,508926.211,62517.0,0.0,,300.0,,,105.52763819095478
2025,130,Berth,291025.0,145873.0,5713.07,,,,,
2025,150,Intra,8417180.07,3483592.68,395081.29,5743.90243902439,1500.0,,,
2025,150,Inter,4119518.918,870311.71,98115.02,2819.512195121951,800.0,,,
2025,150,Berth,831500.0,480900.0,57130.67,,,,,
2025,150,Intra,2637663.333,577080.0,0.0,0.0,1200.0,1008.3333333333334,,
2025,150,Inter,1318831.667,144270.0,0.0,0.0,600.0,504.1666666666667,,
2025,150,Berth,582050.0,336630.0,24484.57,,,,,
2025,150,Intra,1399826.053,503197.3,15561.19,,1000.0,,54.054054054054056,
2025,150,Inter,961625.676,167606.76,0.0,,500.0,,229.72972972972974,
2025,150,Berth,498900.0,288540.0,13874.59,,,,,
2025,150,Intra,1056324.422,288540.0,0.0,,600.0,,,211.05527638190955
2025,150,Inter,528162.211,72135.0,0.0,,300.0,,,105.52763819095478
2025,150,Berth,291025.0,168315.0,5713.07,,,,,
2025,170,Intra,8881659.094,3948071.71,395081.29,5743.90243902439,1500.0,,,
2025,170,Inter,4351602.04,986353.27,98115.02,2819.512195121951,800.0,,,
2025,170,Berth,831500.0,545020.0,57130.67,,,,,
2025,170,Intra,2714607.333,654024.0,0.0,0.0,1200.0,1008.3333333333334,,
2025,170,Inter,1357303.667,163506.0,0.0,0.0,600.0,504.1666666666667,,
2025,170,Berth,582050.0,381514.0,24484.57,,,,,
2025,170,Intra,1466919.026,570290.27,15561.19,,1000.0,,54.054054054054056,
2025,170,Inter,1006320.811,189954.32,0.0,,500.0,,229.72972972972974,
2025,170,Berth,498900.0,327012.0,13874.59,,,,,
2025,170,Intra,1094796.422,327012.0,0.0,,600.0,,,211.05527638190955
2025,170,Inter,547398.211,81753.0,0.0,,300.0,,,105.52763819095478
2025,170,Berth,291025.0,190757.0,5713.07,,,,,
2025,190,Intra,9346138.119,4412550.73,395081.29,5743.90243902439,1500.0,,,
2025,190,Inter,4583685.162,1102394.83,98115.02,2819.512195121951,800.0,,,
2025,190,Berth,831500.0,609140.0,57130.67,,,,,
2025,190,Intra,2791551.333,730968.0,0.0,0.0,1200.0,1008.3333333333334,,
2025,190,Inter,1395775.667,182742.0,0.0,0.0,600.0,504.1666666666667,,
2025,190,Berth,582050.0,426398.0,24484.57,,,,,
2025,190,Intra,1534011.999,637383.24,15561.19,,1000.0,,54.054054054054056,
2025,190,Inter,1051015.946,212301.89,0.0,,500.0,,229.72972972972974,
2025,190,Berth,498900.0,365484.0,13874.59,,,,,
2025,190,Intra,1133268.422,365484.0,0.0,,600.0,,,211.05527638190955
2025,190,Inter,566634.211,91371.0,0.0,,300.0,,,105.52763819095478
2025,190,Berth,291025.0,213199.0,5713.07,,,,,
2030,90,Intra,7305086.867,2090155.61,1095730.04,5743.90243902439,1500.0,,,
2030,90,Inter,3392634.096,522187.02,273303.95,2819.512195121951,800.0,,,
2030,90,Berth,831500.0,288540.0,222046.2,,,,,
2030,90,Intra,2334206.958,631506.62,0.0,988.627631486361,1200.0,163.88056477206658,,
2030,90,Inter,1167103.479,157876.65,0.0,494.3138167358987,600.0,81.94028153808655,,
2030,90,Berth,582050.0,201978.0,95162.66,,,,,
2030,90,Intra,1305428.16,301918.38,122442.21,,1000.0,,54.054054054054056,
2030,90,Inter,831762.482,100564.05,4222.21,,500.0,,229.72972972972974,
2030,90,Berth,498900.0,173124.0,53925.5,,,,,
2030,90,Intra,940908.422,173124.0,0.0,,600.0,,,211.05527638190955
2030,90,Inter,470454.211,43281.0,0.0,,300.0,,,105.52763819095478
2030,90,Berth,291025.0,100989.0,22204.62,,,,,
2030,110,Intra,7769565.891,2554634.63,1095730.04,5743.90243902439,1500.0,,,
2030,110,Inter,3624717.218,638228.59,273303.95,2819.512195121951,800.0,,,
2030,110,Berth,831500.0,352660.0,222046.2,,,,,
2030,110,Intra,2474541.763,771841.42,0.0,988.6276274396919,1200.0,163.88056822859662,,
2030,110,Inter,1237270.881,192960.36,0.0,494.31381653007446,600.0,81.94028171389469,,
2030,110,Berth,582050.0,246862.0,95162.66,,,,,
2030,110,Intra,1372521.133,369011.35,122442.21,,1000.0,,54.054054054054056,
2030,110,Inter,876457.617,122911.62,4222.21,,500.0,,229.72972972972974,
2030,110,Berth,498900.0,211596.0,53925.5,,,,,
2030,110,Intra,979380.422,211596.0,0.0,,600.0,,,211.05527638190955
2030,110,Inter,489690.211,52899.0,0.0,,300.0,,,105.52763819095478
2030,110,Berth,291025.0,123431.0,22204.62,,,,,
2030,130,Intra,8234044.915,3019113.66,1095730.04,5743.90243902439,1500.0,,,
2030,130,Inter,3856800.34,754270.15,273303.95,2819.512195121951,800.0,,,
2030,130,Berth,831500.0,416780.0,222046.2,,,,,
2030,130,Intra,2614876.566,912176.22,0.0,988.6276300576836,1200.0,163.88056599239516,,
2030,130,Inter,1307438.283,228044.06,0.0,494.3138135785079,600.0,81.94028423502456,,
2030,130,Berth,582050.0,291746.0,95162.66,,,,,
2030,130,Intra,1439614.106,436104.32,122442.21,,1000.0,,54.054054054054056,
2030,130,Inter,921152.753,145259.19,4222.21,,500.0,,229.72972972972974,
2030,130,Berth,498900.0,250068.0,53925.5,,,,,
2030,130,Intra,1017852.422,250068.0,0.0,,600.0,,,211.05527638190955
2030,130,Inter,508926.211,62517.0,0.0,,300.0,,,105.52763819095478
2030,130,Berth,291025.0,145873.0,22204.62,,,,,
2030,150,Intra,8698523.94,3483592.68,1095730.04,5743.90243902439,1500.0,,,
2030,150,Inter,4088883.462,870311.71,273303.95,2819.512195121951,800.0,,,
2030,150,Berth,831500.0,480900.0,222046.2,,,,,
2030,150,Intra,2755211.375,1052511.01,0.0,988.627586939628,1200.0,163.88060282240102,,
2030,150,Inter,1377605.685,263127.76,0.0,494.3138116380883,600.0,81.94028589246614,,
2030,150,Berth,582050.0,336630.0,95162.66,,,,,
2030,150,Intra,1506707.079,503197.3,122442.21,,1000.0,,54.054054054054056,
2030,150,Inter,965847.888,167606.76,4222.21,,500.0,,229.72972972972974,
2030,150,Berth,498900.0,288540.0,53925.5,,,,,
2030,150,Intra,1056324.422,288540.0,0.0,,600.0,,,211.05527638190955
2030,150,Inter,528162.211,72135.0,0.0,,300.0,,,105.52763819095478
2030,150,Berth,291025.0,168315.0,22204.62,,,,,
2030,170,Intra,9163002.964,3948071.71,1095730.04,5743.90243902439,1500.0,,,
2030,170,Inter,4320966.584,986353.27,273303.95,2819.512195121951,800.0,,,
2030,170,Berth,831500.0,545020.0,222046.2,,,,,
2030,170,Intra,2895546.175,1192845.81,0.0,988.6275994560958,1200.0,163.8805921312511,,
2030,170,Inter,1447773.089,298211.45,0.0,494.31377554863576,600.0,81.94031671887356,,
2030,170,Berth,582050.0,381514.0,95162.66,,,,,
2030,170,Intra,1573800.052,570290.27,122442.21,,1000.0,,54.054054054054056,
2030,170,Inter,1010543.023,189954.32,4222.21,,500.0,,229.72972972972974,
2030,170,Berth,498900.0,327012.0,53925.5,,,,,
2030,170,Intra,1094796.422,327012.0,0.0,,600.0,,,211.05527638190955
2030,170,Inter,547398.211,81753.0,0.0,,300.0,,,105.52763819095478
2030,170,Berth,291025.0,190757.0,22204.62,,,,,
2030,190,Intra,9627481.989,4412550.73,1095730.04,5743.90243902439,1500.0,,,
2030,190,Inter,4553049.705,1102394.83,273303.95,2819.512195121951,800.0,,,
2030,190,Berth,831500.0,609140.0,222046.2,,,,,
2030,190,Intra,3024476.333,730968.0,0.0,2.7008942507985388e-11,1200.0,1008.3333333333102,,
2030,190,Inter,1512238.167,182742.0,0.0,2.083505054121438e-09,600.0,504.1666666648871,,
2030,190,Berth,582050.0,426398.0,95162.66,,,,,
2030,190,Intra,1640893.025,637383.24,122442.21,,1000.0,,54.054054054054056,
2030,190,Inter,1055238.158,212301.89,4222.21,,500.0,,229.72972972972974,
2030,190,Berth,498900.0,365484.0,53925.5,,,,,
2030,190,Intra,1133268.422,365484.0,0.0,,600.0,,,211.05527638190955
2030,190,Inter,566634.211,91371.0,0.0,,300.0,,,105.52763819095478
2030,190,Berth,291025.0,213199.0,22204.62,,,,,
2035,90,Intra,8793965.456,2090155.61,2584608.63,5743.90243902439,1500.0,,,
2035,90,Inter,3764910.581,522187.02,645580.43,2819.512195121951,800.0,,,
2035,90,Berth,831500.0,288540.0,572491.68,,,,,
2035,90,Intra,2508196.628,554383.07,0.0,721.338697653023,1200.0,392.1898624213762,,
2035,90,Inter,1254098.313,138595.77,0.0,360.6693527481435,600.0,196.09492786096078,,
2035,90,Berth,582050.0,201978.0,245353.58,,,,,
2035,90,Intra,1532550.342,301918.38,349564.4,,1000.0,,54.054054054054056,
2035,90,Inter,910778.715,100564.05,83238.44,,500.0,,229.72972972972974,
2035,90,Berth,498900.0,173124.0,139033.69,,,,,
2035,90,Intra,940908.422,173124.0,0.0,,600.0,,,211.05527638190955
2035,90,Inter,470454.211,43281.0,0.0,,300.0,,,105.52763819095478
2035,90,Berth,291025.0,100989.0,57249.17,,,,,
2035,110,Intra,9258444.48,2554634.63,2584608.63,5743.90243902439,1500.0,,,
2035,110,Inter,3996993.703,638228.59,645580.43,2819.512195121951,800.0,,,
2035,110,Berth,831500.0,352660.0,572491.68,,,,,
2035,110,Intra,2631392.864,677579.31,0.0,721.3386998871161,1200.0,392.1898605130883,,
2035,110,Inter,1315696.431,169394.83,0.0,360.6693521591264,600.0,196.09492836407952,,
2035,110,Berth,582050.0,246862.0,245353.58,,,,,
2035,110,Intra,1599643.315,369011.35,349564.4,,1000.0,,54.054054054054056,
2035,110,Inter,955473.85,122911.62,83238.44,,500.0,,229.72972972972974,
2035,110,Berth,498900.0,211596.0,139033.69,,,,,
2035,110,Intra,979380.422,211596.0,0.0,,600.0,,,211.05527638190955
2035,110,Inter,489690.211,52899.0,0.0,,300.0,,,105.52763819095478
2035,110,Berth,291025.0,123431.0,57249.17,,,,,
2035,130,Intra,9722923.504,3019113.66,2584608.63,5743.90243902439,1500.0,,,
2035,130,Inter,4229076.825,754270.15,645580.43,2819.512195121951,800.0,,,
2035,130,Berth,831500.0,416780.0,572491.68,,,,,
2035,130,Intra,2754589.104,800775.54,0.0,721.3386940732138,1200.0,392.18986547912994,,
2035,130,Inter,1377294.55,200193.89,0.0,360.66935222183866,600.0,196.09492831051278,,
2035,130,Berth,582050.0,291746.0,245353.58,,,,,
2035,130,Intra,1666736.288,436104.32,349564.4,,1000.0,,54.054054054054056,
2035,130,Inter,1000168.985,145259.19,83238.44,,500.0,,229.72972972972974,
2035,130,Berth,498900.0,250068.0,139033.69,,,,,
2035,130,Intra,1017852.422,250068.0,0.0,,600.0,,,211.05527638190955
2035,130,Inter,508926.211,62517.0,0.0,,300.0,,,105.52763819095478
2035,130,Berth,291025.0,145873.0,57249.17,,,,,
2035,150,Intra,10187402.529,3483592.68,2584608.63,5743.90243902439,1500.0,,,
2035,150,Inter,4461159.947,870311.71,645580.43,2819.512195121951,800.0,,,
2035,150,Berth,831500.0,480900.0,572491.68,,,,,
2035,150,Intra,2877785.338,923971.78,0.0,721.3387014122002,1200.0,392.18985921041235,,
2035,150,Inter,1438892.669,230992.95,0.0,360.6693521170725,600.0,196.09492840000053,,
2035,150,Berth,582050.0,336630.0,245353.58,,,,,
2035,150,Intra,1733829.261,503197.3,349564.4,,1000.0,,54.054054054054056,
2035,150,Inter,1044864.12,167606.76,83238.44,,500.0,,229.72972972972974,
2035,150,Berth,498900.0,288540.0,139033.69,,,,,
2035,150,Intra,1056324.422,288540.0,0.0,,600.0,,,211.05527638190955
2035,150,Inter,528162.211,72135.0,0.0,,300.0,,,105.52763819095478
2035,150,Berth,291025.0,168315.0,57249.17,,,,,
2035,170,Intra,10651881.553,3948071.71,2584608.63,5743.90243902439,1500.0,,,
2035,170,Inter,4693243.069,986353.27,645580.43,2819.512195121951,800.0,,,
2035,170,Berth,831500.0,545020.0,572491.68,,,,,
2035,170,Intra,3000981.576,1047168.02,0.0,721.338701021666,1200.0,392.1898595439936,,
2035,170,Inter,1500490.788,261792.01,0.0,360.66935171495,600.0,196.0949287434802,,
2035,170,Berth,582050.0,381514.0,245353.58,,,,,
2035,170,Intra,1800922.234,570290.27,349564.4,,1000.0,,54.054054054054056,
2035,170,Inter,1089559.255,189954.32,83238.44,,500.0,,229.72972972972974,
2035,170,Berth,498900.0,327012.0,139033.69,,,,,
2035,170,Intra,1094796.422,327012.0,0.0,,600.0,,,211.05527638190955
2035,170,Inter,547398.211,81753.0,0.0,,300.0,,,105.52763819095478
2035,170,Berth,291025.0,190757.0,57249.17,,,,,
2035,190,Intra,11116360.578,4412550.73,2584608.63,5743.90243902439,1500.0,,,
2035,190,Inter,4925326.191,1102394.83,645580.43,2819.512195121951,800.0,,,
2035,190,Berth,831500.0,609140.0,572491.68,,,,,
2035,190,Intra,3124177.813,1170364.26,0.0,721.3387042485207,1200.0,392.189856787722,,
2035,190,Inter,1562088.907,292591.06,0.0,360.6693489412529,600.0,196.0949311126798,,
2035,190,Berth,582050.0,426398.0,245353.58,,,,,
2035,190,Intra,1868015.207,637383.24,349564.4,,1000.0,,54.054054054054056,
2035,190,Inter,1134254.39,212301.89,83238.44,,500.0,,229.72972972972974,
2035,190,Berth,498900.0,365484.0,139033.69,,,,,
2035,190,Intra,1133268.422,365484.0,0.0,,600.0,,,211.05527638190955
2035,190,Inter,566634.211,91371.0,0.0,,300.0,,,105.52763819095478
2035,190,Berth,291025.0,213199.0,57249.17,,,,,
2040,90,Intra,11684141.54,2090155.61,5474784.71,5743.90243902439,1500.0,,,
2040,90,Inter,4487564.934,522187.02,1368234.79,2819.512195121951,800.0,,,
2040,90,Berth,831500.0,288540.0,1252768.21,,,,,
2040,90,Intra,2948325.342,411741.21,0.0,226.9813990371624,1200.0,814.453388322424,,
2040,90,Inter,1474162.67,102935.3,0.0,113.49070151274715,600.0,407.2266924578618,,
2040,90,Berth,582050.0,201978.0,536900.66,,,,,
2040,90,Intra,1973434.577,301918.38,790448.63,,1000.0,,54.054054054054056,
2040,90,Inter,1064163.165,100564.05,236622.9,,500.0,,229.72972972972974,
2040,90,Berth,498900.0,173124.0,304243.71,,,,,
2040,90,Intra,1077059.995,173124.0,136151.57,,600.0,,,211.05527638190955
2040,90,Inter,504492.104,43281.0,34037.89,,300.0,,,105.52763819095478
2040,90,Berth,291025.0,100989.0,125276.82,,,,,
2040,110,Intra,12148620.565,2554634.63,5474784.71,5743.90243902439,1500.0,,,
2040,110,Inter,4719648.056,638228.59,1368234.79,2819.512195121951,800.0,,,
2040,110,Berth,831500.0,352660.0,1252768.21,,,,,
2040,110,Intra,3039823.392,503239.26,0.0,226.9813940802427,1200.0,814.4533925564593,,
2040,110,Inter,1519911.693,125809.82,0.0,113.49070140943583,600.0,407.22669254610685,,
2040,110,Berth,582050.0,246862.0,536900.66,,,,,
2040,110,Intra,2040527.55,369011.35,790448.63,,1000.0,,54.054054054054056,
2040,110,Inter,1108858.301,122911.62,236622.9,,500.0,,229.72972972972974,
2040,110,Berth,498900.0,211596.0,304243.71,,,,,
2040,110,Intra,1115531.995,211596.0,136151.57,,600.0,,,211.05527638190955
2040,110,Inter,523728.104,52899.0,34037.89,,300.0,,,105.52763819095478
2040,110,Berth,291025.0,123431.0,125276.82,,,,,
2040,130,Intra,12613099.589,3019113.66,5474784.71,5743.90243902439,1500.0,,,
2040,130,Inter,4951731.178,754270.15,1368234.79,2819.512195121951,800.0,,,
2040,130,Berth,831500.0,416780.0,1252768.21,,,,,
2040,130,Intra,3131321.437,594737.31,0.0,226.98139839870464,1200.0,814.4533888677728,,
2040,130,Inter,1565660.717,148684.33,0.0,113.49070150055825,600.0,407.2266924682732,,
2040,130,Berth,582050.0,291746.0,536900.66,,,,,
2040,130,Intra,2107620.523,436104.32,790448.63,,1000.0,,54.054054054054056,
2040,130,Inter,1153553.436,145259.19,236622.9,,500.0,,229.72972972972974,
2040,130,Berth,498900.0,250068.0,304243.71,,,,,
2040,130,Intra,1154003.995,250068.0,136151.57,,600.0,,,211.05527638190955
2040,130,Inter,542964.104,62517.0,34037.89,,300.0,,,105.52763819095478
2040,130,Berth,291025.0,145873.0,125276.82,,,,,
2040,150,Intra,13077578.613,3483592.68,5474784.71,5743.90243902439,1500.0,,,
2040,150,Inter,5183814.3,870311.71,1368234.79,2819.512195121951,800.0,,,
2040,150,Berth,831500.0,480900.0,1252768.21,,,,,
2040,150,Intra,3222819.487,686235.35,0.0,226.98139253357857,1200.0,814.4533938775684,,
2040,150,Inter,1611409.741,171558.84,0.0,113.49070162395088,600.0,407.22669236287527,,
2040,150,Berth,582050.0,336630.0,536900.66,,,,,
2040,150,Intra,2174713.496,503197.3,790448.63,,1000.0,,54.054054054054056,
2040,150,Inter,1198248.571,167606.76,236622.9,,500.0,,229.72972972972974,
2040,150,Berth,498900.0,288540.0,304243.71,,,,,
2040,150,Intra,1192475.995,288540.0,136151.57,,600.0,,,211.05527638190955
2040,150,Inter,562200.104,72135.0,34037.89,,300.0,,,105.52763819095478
2040,150,Berth,291025.0,168315.0,125276.82,,,,,
2040,170,Intra,13542057.638,3948071.71,5474784.71,5743.90243902439,1500.0,,,
2040,170,Inter,5415897.422,986353.27,1368234.79,2819.512195121951,800.0,,,
2040,170,Berth,831500.0,545020.0,1252768.21,,,,,
2040,170,Intra,3314317.533,777733.4,0.0,226.98139389980443,1200.0,814.4533927105838,,
2040,170,Inter,1657158.765,194433.35,0.0,113.4906999453939,600.0,407.22669379664273,,
2040,170,Berth,582050.0,381514.0,536900.66,,,,,
2040,170,Intra,2241806.469,570290.27,790448.63,,1000.0,,54.054054054054056,
2040,170,Inter,1242943.706,189954.32,236622.9,,500.0,,229.72972972972974,
2040,170,Berth,498900.0,327012.0,304243.71,,,,,
2040,170,Intra,1230947.995,327012.0,136151.57,,600.0,,,211.05527638190955
2040,170,Inter,581436.104,81753.0,34037.89,,300.0,,,105.52763819095478
2040,170,Berth,291025.0,190757.0,125276.82,,,,,
2040,190,Intra,14006536.662,4412550.73,5474784.71,5743.90243902439,1500.0,,,
2040,190,Inter,5647980.544,1102394.83,1368234.79,2819.512195121951,800.0,,,
2040,190,Berth,831500.0,609140.0,1252768.21,,,,,
2040,190,Intra,3405815.579,869231.45,0.0,226.98139852677576,1200.0,814.453388758379,,
2040,190,Inter,1702907.788,217307.86,0.0,113.49070151985273,600.0,407.22669245179236,,
2040,190,Berth,582050.0,426398.0,536900.66,,,,,
2040,190,Intra,2308899.442,637383.24,790448.63,,1000.0,,54.054054054054056,
2040,190,Inter,1287638.841,212301.89,236622.9,,500.0,,229.72972972972974,
2040,190,Berth,498900.0,365484.0,304243.71,,,,,
2040,190,Intra,1269419.995,365484.0,136151.57,,600.0,,,211.05527638190955
2040,190,Inter,600672.104,91371.0,34037.89,,300.0,,,105.52763819095478
2040,190,Berth,291025.0,213199.0,125276.82,,,,,
2045,90,Intra,17114169.335,2090155.61,10904812.51,5743.90243902439,1500.0,,,
2045,90,Inter,5845279.174,522187.02,2725949.03,2819.512195121951,800.0,,,
2045,90,Berth,831500.0,288540.0,2530863.51,,,,,
2045,90,Intra,5553458.07,346248.0,2210893.4,0.0,1200.0,1008.3333333333334,,
2045,90,Inter,2044380.71,171716.49,906925.78,590.2439024390244,600.0,0.0,,
2045,90,Berth,582050.0,201978.0,1084655.79,,,,,
2045,90,Intra,2801762.534,301918.38,1618776.59,,1000.0,,54.054054054054056,
2045,90,Inter,1352340.012,100564.05,524799.74,,500.0,,229.72972972972974,
2045,90,Berth,498900.0,173124.0,614638.28,,,,,
2045,90,Intra,1804861.816,173124.0,863953.39,,600.0,,,211.05527638190955
2045,90,Inter,686442.559,43281.0,215988.35,,300.0,,,105.52763819095478
2045,90,Berth,291025.0,100989.0,253086.35,,,,,
2045,110,Intra,17578648.36,2554634.63,10904812.51,5743.90243902439,1500.0,,,
2045,110,Inter,6077362.296,638228.59,2725949.03,2819.512195121951,800.0,,,
2045,110,Berth,831500.0,352660.0,2530863.51,,,,,
2045,110,Intra,5630402.07,423192.0,2210893.4,0.0,1200.0,1008.3333333333334,,
2045,110,Inter,2120699.149,209875.71,906925.78,590.2439024390244,600.0,0.0,,
2045,110,Berth,582050.0,246862.0,1084655.79,,,,,
2045,110,Intra,2868855.507,369011.35,1618776.59,,1000.0,,54.054054054054056,
2045,110,Inter,1397035.148,122911.62,524799.74,,500.0,,229.72972972972974,
2045,110,Berth,498900.0,211596.0,614638.28,,,,,
2045,110,Intra,1843333.816,211596.0,863953.39,,600.0,,,211.05527638190955
2045,110,Inter,705678.559,52899.0,215988.35,,300.0,,,105.52763819095478
2045,110,Berth,291025.0,123431.0,253086.35,,,,,
2045,130,Intra,18043127.384,3019113.66,10904812.51,5743.90243902439,1500.0,,,
2045,130,Inter,6309445.418,754270.15,2725949.03,2819.512195121951,800.0,,,
2045,130,Berth,831500.0,416780.0,2530863.51,,,,,
2045,130,Intra,5707346.07,500136.0,2210893.4,0.0,1200.0,1008.3333333333334,,
2045,130,Inter,2197017.588,248034.93,906925.78,590.2439024390244,600.0,0.0,,
2045,130,Berth,582050.0,291746.0,1084655.79,,,,,
2045,130,Intra,2935948.48,436104.32,1618776.59,,1000.0,,54.054054054054056,
2045,130,Inter,1441730.283,145259.19,524799.74,,500.0,,229.72972972972974,
2045,130,Berth,498900.0,250068.0,614638.28,,,,,
2045,130,Intra,1881805.816,250068.0,863953.39,,600.0,,,211.05527638190955
2045,130,Inter,724914.559,62517.0,215988.35,,300.0,,,105.52763819095478
2045,130,Berth,291025.0,145873.0,253086.35,,,,,
2045,150,Intra,18507606.408,3483592.68,10904812.51,5743.90243902439,1500.0,,,
2045,150,Inter,6541528.54,870311.71,2725949.03,2819.512195121951,800.0,,,
2045,150,Berth,831500.0,480900.0,2530863.51,,,,,
2045,150,Intra,5784290.07,577080.0,2210893.4,0.0,1200.0,1008.3333333333334,,
2045,150,Inter,2273336.027,286194.15,906925.78,590.2439024390244,600.0,0.0,,
2045,150,Berth,582050.0,336630.0,1084655.79,,,,,
2045,150,Intra,3003041.453,503197.3,1618776.59,,1000.0,,54.054054054054056,
2045,150,Inter,1486425.418,167606.76,524799.74,,500.0,,229.72972972972974,
2045,150,Berth,498900.0,288540.0,614638.28,,,,,
2045,150,Intra,1920277.816,288540.0,863953.39,,600.0,,,211.05527638190955
2045,150,Inter,744150.559,72135.0,215988.35,,300.0,,,105.52763819095478
2045,150,Berth,291025.0,168315.0,253086.35,,,,,
2045,170,Intra,18972085.433,3948071.71,10904812.51,5743.90243902439,1500.0,,,
2045,170,Inter,6773611.662,986353.27,2725949.03,2819.512195121951,800.0,,,
2045,170,Berth,831500.0,545020.0,2530863.51,,,,,
2045,170,Intra,5861234.352,654024.1,2210893.81,0.00019188342249954187,1200.0,1008.33316943291,,
2045,170,Inter,2349654.466,324353.37,906925.78,590.2439024390244,600.0,0.0,,
2045,170,Berth,582050.0,381514.0,1084655.79,,,,,
2045,170,Intra,3070134.426,570290.27,1618776.59,,1000.0,,54.054054054054056,
2045,170,Inter,1531120.553,189954.32,524799.74,,500.0,,229.72972972972974,
2045,170,Berth,498900.0,327012.0,614638.28,,,,,
2045,170,Intra,1958749.816,327012.0,863953.39,,600.0,,,211.05527638190955
2045,170,Inter,763386.559,81753.0,215988.35,,300.0,,,105.52763819095478
2045,170,Berth,291025.0,190757.0,253086.35,,,,,
2045,190,Intra,19436564.457,4412550.73,10904812.51,5743.90243902439,1500.0,,,
2045,190,Inter,7005694.784,1102394.83,2725949.03,2819.512195121951,800.0,,,
2045,190,Berth,831500.0,609140.0,2530863.51,,,,,
2045,190,Intra,5938178.07,730968.0,2210893.4,0.0,1200.0,1008.3333333333334,,
2045,190,Inter,2425972.905,362512.59,906925.78,590.2439024388804,600.0,1.2301685596109263e-10,,
2045,190,Berth,582050.0,426398.0,1084655.79,,,,,
2045,190,Intra,3137227.399,637383.24,1618776.59,,1000.0,,54.054054054054056,
2045,190,Inter,1575815.688,212301.89,524799.74,,500.0,,229.72972972972974,
2045,190,Berth,498900.0,365484.0,614638.28,,,,,
2045,190,Intra,1997221.816,365484.0,863953.39,,600.0,,,211.05527638190955
2045,190,Inter,782622.559,91371.0,215988.35,,300.0,,,105.52763819095478
2045,190,Berth,291025.0,213199.0,253086.35,,,,,
2050,90,Intra,20267088.7,2090155.61,14057731.87,5743.90243902439,1500.0,,,
2050,90,Inter,6633629.378,522187.02,3514299.23,2819.512195121951,800.0,,,
2050,90,Berth,831500.0,288540.0,3272983.36,,,,,
2050,90,Intra,6957012.955,686865.94,4682103.04,1180.487749463548,1200.0,4.733321931145914e-05,,
2050,90,Inter,2307980.692,171716.49,1170525.77,590.2439024390244,600.0,0.0,,
2050,90,Berth,582050.0,201978.0,1402707.16,,,,,
2050,90,Intra,3282727.154,301918.38,2099741.21,,1000.0,,54.054054054054056,
2050,90,Inter,1519668.504,100564.05,692128.23,,500.0,,229.72972972972974,
2050,90,Berth,498900.0,173124.0,794867.39,,,,,
2050,90,Intra,2227456.421,173124.0,1286548.0,,600.0,,,211.05527638190955
2050,90,Inter,792091.211,43281.0,321637.0,,300.0,,,105.52763819095478
2050,90,Berth,291025.0,100989.0,327298.34,,,,,
2050,110,Intra,20731567.725,2554634.63,14057731.87,5743.90243902439,1500.0,,,
2050,110,Inter,6865712.5,638228.59,3514299.23,2819.512195121951,800.0,,,
2050,110,Berth,831500.0,352660.0,3272983.36,,,,,
2050,110,Intra,7109649.792,839502.83,4682103.06,1180.4878048780488,1200.0,0.0,,
2050,110,Inter,2384299.131,209875.71,1170525.77,590.2439024390244,600.0,0.0,,
2050,110,Berth,582050.0,246862.0,1402707.16,,,,,
2050,110,Intra,3349820.127,369011.35,2099741.21,,1000.0,,54.054054054054056,
2050,110,Inter,1564363.639,122911.62,692128.23,,500.0,,229.72972972972974,
2050,110,Berth,498900.0,211596.0,794867.39,,,,,
2050,110,Intra,2265928.421,211596.0,1286548.0,,600.0,,,211.05527638190955
2050,110,Inter,811327.211,52899.0,321637.0,,300.0,,,105.52763819095478
2050,110,Berth,291025.0,123431.0,327298.34,,,,,
2050,130,Intra,21196046.749,3019113.66,14057731.87,5743.90243902439,1500.0,,,
2050,130,Inter,7097795.622,754270.15,3514299.23,2819.512195121951,800.0,,,
2050,130,Berth,831500.0,416780.0,3272983.36,,,,,
2050,130,Intra,7262286.67,992139.71,4682103.06,1180.4878048780488,1200.0,0.0,,
2050,130,Inter,2460617.57,248034.93,1170525.77,590.2439024390244,600.0,0.0,,
2050,130,Berth,582050.0,291746.0,1402707.16,,,,,
2050,130,Intra,3416913.1,436104.32,2099741.21,,1000.0,,54.054054054054056,
2050,130,Inter,1609058.775,145259.19,692128.23,,500.0,,229.72972972972974,
2050,130,Berth,498900.0,250068.0,794867.39,,,,,
2050,130,Intra,2304400.421,250068.0,1286548.0,,600.0,,,211.05527638190955
2050,130,Inter,830563.211,62517.0,321637.0,,300.0,,,105.52763819095478
2050,130,Berth,291025.0,145873.0,327298.34,,,,,
2050,150,Intra,21660525.773,3483592.68,14057731.87,5743.90243902439,1500.0,,,
2050,150,Inter,7329878.744,870311.71,3514299.23,2819.512195121951,800.0,,,
2050,150,Berth,831500.0,480900.0,3272983.36,,,,,
2050,150,Intra,7414923.548,1144776.59,4682103.06,1180.4878048780488,1200.0,0.0,,
2050,150,Inter,2536936.009,286194.15,1170525.77,590.2439024390244,600.0,0.0,,
2050,150,Berth,582050.0,336630.0,1402707.16,,,,,
2050,150,Intra,3484006.073,503197.3,2099741.21,,1000.0,,54.054054054054056,
2050,150,Inter,1653753.91,167606.76,692128.23,,500.0,,229.72972972972974,
2050,150,Berth,498900.0,288540.0,794867.39,,,,,
2050,150,Intra,2342872.421,288540.0,1286548.0,,600.0,,,211.05527638190955
2050,150,Inter,849799.211,72135.0,321637.0,,300.0,,,105.52763819095478
2050,150,Berth,291025.0,168315.0,327298.34,,,,,
2050,170,Intra,22125004.798,3948071.71,14057731.87,5743.90243902439,1500.0,,,
2050,170,Inter,7561961.866,986353.27,3514299.23,2819.512195121951,800.0,,,
2050,170,Berth,831500.0,545020.0,3272983.36,,,,,
2050,170,Intra,7567560.436,1297413.45,4682103.05,1180.4877837637864,1200.0,1.8035099172900953e-05,,
2050,170,Inter,2613254.448,324353.37,1170525.77,590.2439024390244,600.0,0.0,,
2050,170,Berth,582050.0,381514.0,1402707.16,,,,,
2050,170,Intra,3551099.046,570290.27,2099741.21,,1000.0,,54.054054054054056,
2050,170,Inter,1698449.045,189954.32,692128.23,,500.0,,229.72972972972974,
2050,170,Berth,498900.0,327012.0,794867.39,,,,,
2050,170,Intra,2381344.421,327012.0,1286548.0,,600.0,,,211.05527638190955
2050,170,Inter,869035.211,81753.0,321637.0,,300.0,,,105.52763819095478
2050,170,Berth,291025.0,190757.0,327298.34,,,,,
2050,190,Intra,22589483.822,4412550.73,14057731.87,5743.90243902439,1500.0,,,
2050,190,Inter,7794044.988,1102394.83,3514299.23,2819.512195121951,800.0,,,
2050,190,Berth,831500.0,609140.0,3272983.36,,,,,
2050,190,Intra,7720197.304,1450050.34,4682103.06,1180.4878048780488,1200.0,0.0,,
2050,190,Inter,2689572.887,362512.59,1170525.77,590.2439024390244,600.0,0.0,,
2050,190,Berth,582050.0,426398.0,1402707.16,,,,,
2050,190,Intra,3618192.019,637383.24,2099741.21,,1000.0,,54.054054054054056,
2050,190,Inter,1743144.18,212301.89,692128.23,,500.0,,229.72972972972974,
2050,190,Berth,498900.0,365484.0,794867.39,,,,,
2050,190,Intra,2419816.421,365484.0,1286548.0,,600.0,,,211.05527638190955
2050,190,Inter,888271.211,91371.0,321637.0,,300.0,,,105.52763819095478
2050,190,Berth,291025.0,213199.0,327298.34,,,,,
